"project_name","funding_source","funding_subsource","project_number"
"Central Beaverton Service","TriMet","New Freedom","1042"
"Community Bus","DFR","All","1024,1040"
"Downtown Shuttle","TriMet","New Freedom","1037"
"E&D U-Ride","STF","Formula","1011"
"East Co. Mixed STF Service","STF","Mixed","1050,1047"
"Gateway","TriMet","Paid Drivers","1006"
"General Public (5311)","5311","All","1024"
"Job Access - Rural","RJARC","All","1040"
"Job Access - Urban","UJARC","All","1018"
"King City","TriMet","Paid Drivers","1007"
"Mid. Mult. Co. Service","TriMet","New Freedom","1043"
"Mult. ADS Support (03 Only)","TriMet","ADS Support","1028"
"N/NE Shuttle","STF","Discretionary","1008"
"SPD","SPD","All","1017"
"STF","STF","Formula","1010"
"STF - Out","STF","Formula","1031"
"SW Portland Shuttle","TriMet","New Freedom","1052"
"TriMet","TriMet","Volunteer Drivers","1014"
